Codons,ATP6,ATP8,COI,COII,COIII,CYTb,ND1,ND2,ND3,ND4,ND4L,ND5,ND6,Aminoacids,Aminoacids
GCA,1.6,0,1.42,1.71,0.95,1.54,0.93,1,0,1.18,1.82,1.19,0.94,A,Alanine
GCC,1.87,0,1.42,1.71,2.29,2.15,2.27,2.12,3.11,2,1.82,2.47,0,A,Alanine
GCG,0,0,0.08,0,0,0,0,0.12,0,0.12,0,0,0.71,A,Alanine
GCT,0.53,4,1.08,0.57,0.76,0.31,0.8,0.75,0.89,0.71,0.36,0.34,2.35,A,Alanine
TGC,0,0,2,0,2,1.33,2,0,2,1.5,1.33,1.33,0,C,Cysteine
TGT,0,0,0,2,0,0.67,0,2,0,0.5,0.67,0.67,2,C,Cysteine
GAC,2,0,1.43,1.54,1,1.78,1.5,2,1.5,0.67,2,1.17,0,D,Aspartic Acid
GAT,0,0,0.57,0.46,1,0.22,0.5,0,0.5,1.33,0,0.83,2,D,Aspartic Acid
GAA,2,2,1.82,1.6,2,1.67,1.82,2,2,2,1,1.5,0,E,Glutamic Acid
GAG,0,0,0.18,0.4,0,0.33,0.18,0,0,0,1,0.5,2,E,Glutamic Acid
TTC,0.89,0,0.9,1.14,1.17,1.38,0.89,0.77,0.67,0.78,1.67,1.43,0,F,Phenylalanine
TTT,1.11,2,1.1,0.86,0.83,0.62,1.11,1.23,1.33,1.22,0.33,0.57,2,F,Phenylalanine
GGA,1.33,0,1.53,1.78,1.2,1.23,1.25,1.11,2,1.44,0.8,0.97,0.14,G,Glycine
GGC,1.78,0,0.85,1.78,2,1.85,1.5,1.56,2,1.6,3.2,2.21,0,G,Glycine
GGG,0,0,0.68,0.44,0,0.15,0.75,0.22,0,0.32,0,0.55,2,G,Glycine
GGT,0.89,0,0.94,0,0.8,0.77,0.5,1.11,0,0.64,0,0.28,1.86,G,Glycine
CAC,1.33,0,1.58,1.2,1.44,1.64,1.6,1.71,2,1.5,2,1.64,0,H,Histidine
CAT,0.67,2,0.42,0.8,0.56,0.36,0.4,0.29,0,0.5,0,0.36,2,H,Histidine
ATC,0.67,0,0.7,0.55,0.71,1.11,1.17,1.04,0.8,0.97,1,0.88,0,I,Isoleucine
ATT,1.33,2,1.3,1.45,1.29,0.89,0.83,0.96,1.2,1.03,1,1.12,2,I,Isoleucine
AAA,2,2,2,1.5,2,2,2,2,2,2,0,1.9,0,K,Lysine
AAG,0,0,0,0.5,0,0,0,0,0,0,0,0.1,0,K,Lysine
CTA,1.83,1.2,1.2,2.4,2.06,2.13,2,2.12,1.71,1.08,2.88,1.8,0.21,L,Leucine
CTC,1.53,0,1.57,0.6,1.54,1.94,1.71,1.98,0.64,1.98,1.44,1.56,0,L,Leucine
CTG,0.31,1.2,0.37,0,0.69,0.19,0.29,0.07,0.64,0.3,0,0.12,0.21,L,Leucine
CTT,0.81,1.2,1.75,2.6,1.2,1.35,1.24,0.99,1.07,1.2,0.48,1.56,0.86,L,Leucine
TTA,1.42,2.4,1.11,0.4,0.51,0.39,0.57,0.85,1.71,1.44,1.2,0.96,2.79,L,Leucine
TTG,0.1,0,0,0,0,0,0.19,0,0.21,0,0,0,1.93,L,Leucine
ATA,1.25,1.5,1.75,1.17,1.67,1.64,1.67,1.56,1.5,1.58,1.5,1.78,0.57,M,Methionine
ATG,0.75,0.5,0.25,0.83,0.33,0.36,0.33,0.44,0.5,0.42,0.5,0.22,1.43,M,Methionine
AAC,1.2,2,1.29,2,2,1.43,1.09,1.45,2,1.23,1.33,1.18,0,N,Asparagine
AAT,0.8,0,0.71,0,0,0.57,0.91,0.55,0,0.77,0.67,0.82,2,N,Asparagine
CCA,1.87,2.22,1.1,1.14,2,1.82,2,1.74,0,1.08,0,0.53,0,P,Proline
CCC,1.33,0.44,1.24,2,1.67,1.64,1,1.74,3.5,2.15,2,2.53,0,P,Proline
CCG,0,0,0,0,0,0,0.17,0,0,0.31,0,0.4,0.67,P,Proline
CCT,0.8,1.33,1.66,0.86,0.33,0.55,0.83,0.52,0.5,0.46,2,0.53,3.33,P,Proline
CAA,1.78,2,1.5,2,1.71,2,2,1.85,2,1.6,2,2,0,Q,Glutamine
CAG,0.22,0,0.5,0,0.29,0,0,0.15,0,0.4,0,0,0,Q,Glutamine
CGA,2.67,0,1.2,2.67,3.2,2.5,3,2,4,3.27,4,2.8,2,R,Arginine
CGC,1.33,0,1.2,1.33,0,1,0,1,0,0.73,0,0.4,0,R,Arginine
CGG,0,0,0.8,0,0,0,0.5,0,0,0,0,0.4,2,R,Arginine
CGT,0,0,0.8,0,0.8,0.5,0.5,1,0,0,0,0.4,0,R,Arginine
AGC,1.71,0,1.15,0.92,1.5,0.26,1.25,0.55,1,1.66,0.5,1.26,0,S,Serine
AGT,0,0,0,0,0,0,0.25,0.27,0,0.21,0.5,0.42,1.64,S,Serine
TCA,2.14,3,1.85,1.38,1.88,2.09,2,2.45,1,1.03,1.5,0.98,0.55,S,Serine
TCC,2.14,3,2.08,2.31,1.5,2.87,2.25,2.45,2,2.07,3,2.65,0,S,Serine
TCG,0,0,0.23,0,0,0.26,0,0,0,0.21,0,0,1.09,S,Serine
TCT,0,0,0.69,1.38,1.12,0.52,0.25,0.27,2,0.83,0.5,0.7,2.73,S,Serine
ACA,1.67,1.14,1.85,1.6,2.26,1.38,1.04,1.56,0.5,1.44,0.44,1.66,0,T,Threonine
ACC,1.83,2.29,1.23,1.6,1.04,2.15,1.57,1.85,3.5,1.84,3.11,1.91,0,T,Threonine
ACG,0,0,0.1,0,0.17,0,0.17,0,0,0,0,0.06,1.33,T,Threonine
ACT,0.5,0.57,0.82,0.8,0.52,0.46,1.22,0.59,0,0.72,0.44,0.37,2.67,T,Threonine
GTA,1,0,1.9,1.5,1.43,2.44,1.54,1,4,2.13,0,1.68,0.41,V,Valine
GTC,1.67,4,0.7,1.25,2,1.11,0.92,1,0,0.53,4,1.26,0,V,Valine
GTG,1,0,0.4,0,0.29,0,0,1,0,0.53,0,0,2.07,V,Valine
GTT,0.33,0,1,1.25,0.29,0.44,1.54,1,0,0.8,0,1.05,1.52,V,Valine
TGA,2,2,1.53,1.6,2,1.85,2,1.82,2,2,2,1.71,1.2,W,Tryptophan
TGG,0,0,0.47,0.4,0,0.15,0,0.18,0,0,0,0.29,0.8,W,Tryptophan
TAC,0.8,0,0.74,1.11,0.91,1.14,0.73,1.33,0,1,0,1.45,0.67,Y,Tyrosine
TAT,1.2,0,1.26,0.89,1.09,0.86,1.27,0.67,2,1,0,0.55,1.33,Y,Tyrosine
